DATE,KEYWORDS,TITLE,DESCRIPTION,URL

2024-08-29,cybersecurity regulations,Big Data In Telecom Market Poised to Hit USD 208.3 Billion by 2032,"Big Data In Telecom Market Overview:The Big Data in Telecom market represents a transformative shift in the telecommunications industry, driven by the increasing volume of data generated by networks and users. The integration of big data technologies into telecom operations",https://www.openpr.com/news/3639394/big-data-in-telecom-market-poised-to-hit-usd-208-3-billion-by-2032
2024-08-29,cybersecurity regulations,"Google considering large data centre in Vietnam, source says, in nation’s first by US big tech","By Phuong Nguyen and Francesco Guarascio HANOI (Reuters) -Alphabet's Google is considering building a large data centre in Vietnam, a person briefed on the plans said, in what would be the first such",https://theprint.in/tech/google-considering-large-data-centre-in-vietnam-source-says-in-nations-first-by-us-big-tech/2244069/
2024-08-29,cybersecurity regulations,"15.92% CAGR Predicted for Cloud Data Security Tool Market, Expected to Value USD 72.98 Billion by 2032","➤➤ Cloud Data Security Tool Market: An In-Depth OverviewThe cloud data security tool market has grown rapidly, driven by the increasing reliance on cloud computing across industries. As businesses migrate to the cloud for improved scalability, cost efficiency, and collaboration,",https://www.openpr.com/news/3639319/15-92-cagr-predicted-for-cloud-data-security-tool-market
2024-08-29,cybersecurity regulations,WiseGuy Analysis: Cloud Based Phishing Protection Market to Reach USD 248.49 Billion Milestone by 2032,"✿➤ Cloud-Based Phishing Protection Market: A Comprehensive OverviewThe cloud-based phishing protection market has rapidly emerged as a critical segment within the broader cybersecurity industry, responding to the growing sophistication and frequency of phishing attacks. Phishing, a cyber-attack where malicious actors",https://www.openpr.com/news/3639306/wiseguy-analysis-cloud-based-phishing-protection-market
2024-08-29,cybersecurity regulations,Google Considers First Major US Tech Data Centre Investment in Vietnam,"Google has explored building a hyperscale data centre in Vietnam, potentially boosting the country's tech investment appeal.The post Google Considers First Major US Tech Data Centre Investment in Vietnam appeared first on Arise News.",https://www.arise.tv/google-considers-first-major-us-tech-data-centre-investment-in-vietnam/
2024-08-29,cybersecurity regulations,Cyber Security Products Market to Surge from USD 251.1 Billion in 2024 to USD 622.1 Billion by 2032 with a CAGR of 12.01%,"➤ The Cyber Security Products MarketThe Cyber Security Products Market is projected to expand from USD 251.1 billion in 2024 to USD 622.1 billion by 2032, with an anticipated CAGR of approximately 12.01% during the forecast period 2024 - 2032.The",https://www.openpr.com/news/3639172/cyber-security-products-market-to-surge-from-usd-251-1-billion
2024-08-29,cybersecurity regulations,Infosys to Introduce High-Performance Generative AI-Powered Telco Solutions Based on NVIDIA NIMs,"Empowering telcos with cutting-edge AI-driven solutions, leveraging Infosys Topaz and NVIDIA NIM BENGALURU, India, Aug. 29, 2024 /PRNewswire/ -- Infosys (NSE: INFY) (BSE: INFY) (NYSE: INFY), a global leader in next-generation digital services and consulting, today announced the expansion...",https://www.prnewswire.co.uk/news-releases/infosys-to-introduce-high-performance-generative-ai-powered-telco-solutions-based-on-nvidia-nims-302233932.html
2024-08-29,cybersecurity regulations,Enterprise Cybersecurity Market to Double by 2032: Industry Growth Driven by Rising Cyber Threats,"➤ Enterprise Cybersecurity Solutions Market: A Comprehensive OverviewThe Enterprise Cybersecurity Solutions market is projected to grow from USD 204.01 billion in 2024 to USD 464.2 billion by 2032, with an estimated CAGR of 10.83% during the forecast period (2024 -",https://www.openpr.com/news/3639147/enterprise-cybersecurity-market-to-double-by-2032-industry
2024-08-29,cybersecurity regulations,Accelerated Growth in Industrial Cyber Range Market: Projected CAGR of 22.62% Through 2032,"➤ Industrial Cyber Range Market OverviewThe Industrial Cyber Range Market is projected to expand from USD 1.66 billion in 2024 to USD 8.5 billion by 2032, reflecting a compound annual growth rate (CAGR) of approximately 22.62% throughout the forecast period",https://www.openpr.com/news/3639074/accelerated-growth-in-industrial-cyber-range-market-projected
2024-08-29,cybersecurity regulations,﻿IoT Services Market Projected to Reach US$ 185.02 Billion by 2029,"Forecast Increase in Revenue:IoT Services Market was valued US$ 113.72 Bn in 2022, and is expected to reach US$ 185.02 Bn by 2029, at CAGR of 7.2% during forecast period.IoT Services Market Overview:The Internet of Things (IoT) Services Market is",https://www.openpr.com/news/3638947/iot-services-market-projected-to-reach-us-185-02-billion
2024-08-29,cybersecurity threats,U.S. Agencies Warn of Iranian Hacking Group's Ongoing Ransomware Attacks,"U.S. cybersecurity and intelligence agencies have called out an Iranian hacking group for breaching multiple organizations across the country and coordinating with affiliates to deliver ransomware.The activity has been linked to a threat actor dubbed Pioneer Kitten, which is also known as Fox Kitten, Lemon Sandstorm (formerly Rubidium), Parisite, and UNC757, which it described as connected to",https://thehackernews.com/2024/08/us-agencies-warn-of-iranian-hacking.html
2024-08-29,cybersecurity threats,Operational Technology Market to Exhibit a Remarkable Growth of USD 36080.59 Million with Growing CAGR of 6.80% by 2030,"Global Operational Technology Market, By Component (Hardware, Software/Platform, Services), Deployment (On Premise, Hybrid, Cloud), Organization Size (Small and Medium Business, Large Enterprises), Connectivity (Wired, Wireless), Technology (Supervisory Control and Data Acquisition (SCADA), Distributed Control Systems (DCS), Process Control Domains (PCD),",https://www.openpr.com/news/3639370/operational-technology-market-to-exhibit-a-remarkable-growth
2024-08-29,cybersecurity threats,"15.92% CAGR Predicted for Cloud Data Security Tool Market, Expected to Value USD 72.98 Billion by 2032","➤➤ Cloud Data Security Tool Market: An In-Depth OverviewThe cloud data security tool market has grown rapidly, driven by the increasing reliance on cloud computing across industries. As businesses migrate to the cloud for improved scalability, cost efficiency, and collaboration,",https://www.openpr.com/news/3639319/15-92-cagr-predicted-for-cloud-data-security-tool-market
2024-08-29,cybersecurity threats,WiseGuy Analysis: Cloud Based Phishing Protection Market to Reach USD 248.49 Billion Milestone by 2032,"✿➤ Cloud-Based Phishing Protection Market: A Comprehensive OverviewThe cloud-based phishing protection market has rapidly emerged as a critical segment within the broader cybersecurity industry, responding to the growing sophistication and frequency of phishing attacks. Phishing, a cyber-attack where malicious actors",https://www.openpr.com/news/3639306/wiseguy-analysis-cloud-based-phishing-protection-market
2024-08-29,cybersecurity threats,Unpatched AVTECH IP Camera Flaw Exploited by Hackers for Botnet Attacks,"A years-old high-severity flaw impacting AVTECH IP cameras has been weaponized by malicious actors as a zero-day to rope them into a botnet.CVE-2024-7029 (CVSS score: 8.7), the vulnerability in question, is a ""command injection vulnerability found in the brightness function of AVTECH closed-circuit television (CCTV) cameras that allows for remote code execution (RCE),"" Akamai researchers Kyle",https://thehackernews.com/2024/08/unpatched-avtech-ip-camera-flaw.html
2024-08-29,cybersecurity threats,Keeper Security Shares Essential Cybersecurity Practices for National Preparedness Month,"A significant portion of data breaches could be prevented with stronger password management and multi-factor authentication CHICAGO, Aug. 29, 2024 /PRNewswire/ -- For National Preparedness Month in September, Keeper Security, a leading provider of zero-trust and zero-knowledge...",https://www.prnewswire.com/news-releases/keeper-security-shares-essential-cybersecurity-practices-for-national-preparedness-month-302233537.html
2024-08-29,cybersecurity threats,Internet Access Points Market to Reach USD 79.43 Billion by 2032 | Exclusive Report by Wise Guy Reports,"Internet Access Points Market Overview:The Internet Access Points market is a crucial segment of the global telecommunications industry, encompassing devices and technologies that provide connectivity to the internet. As businesses and individuals increasingly rely on robust and high-speed internet connections,",https://www.openpr.com/news/3639249/internet-access-points-market-to-reach-usd-79-43-billion-by-2032
2024-08-29,cybersecurity threats,Iranian APT caught acting as access broker for ransomware crews,,https://www.computerweekly.com/news/366609258/Iranian-APT-caught-acting-as-access-broker-for-ransomware-crews
2024-08-29,cybersecurity threats,Stolen Identities—Ransomware's Secret Weapon,"Organizations must commit to discussing, identifying and addressing the gaps in their identity infrastructure if they want ransomware attacks to be a thing of the past.",https://www.forbes.com/councils/forbestechcouncil/2024/08/29/stolen-identities-ransomwares-secret-weapon/
2024-08-29,cybersecurity threats,Cyber Security Products Market to Surge from USD 251.1 Billion in 2024 to USD 622.1 Billion by 2032 with a CAGR of 12.01%,"➤ The Cyber Security Products MarketThe Cyber Security Products Market is projected to expand from USD 251.1 billion in 2024 to USD 622.1 billion by 2032, with an anticipated CAGR of approximately 12.01% during the forecast period 2024 - 2032.The",https://www.openpr.com/news/3639172/cyber-security-products-market-to-surge-from-usd-251-1-billion
2024-08-29,cybersecurity critical infrastructure,Operational Technology Market to Exhibit a Remarkable Growth of USD 36080.59 Million with Growing CAGR of 6.80% by 2030,"Global Operational Technology Market, By Component (Hardware, Software/Platform, Services), Deployment (On Premise, Hybrid, Cloud), Organization Size (Small and Medium Business, Large Enterprises), Connectivity (Wired, Wireless), Technology (Supervisory Control and Data Acquisition (SCADA), Distributed Control Systems (DCS), Process Control Domains (PCD),",https://www.openpr.com/news/3639370/operational-technology-market-to-exhibit-a-remarkable-growth
2024-08-29,cybersecurity critical infrastructure,"15.92% CAGR Predicted for Cloud Data Security Tool Market, Expected to Value USD 72.98 Billion by 2032","➤➤ Cloud Data Security Tool Market: An In-Depth OverviewThe cloud data security tool market has grown rapidly, driven by the increasing reliance on cloud computing across industries. As businesses migrate to the cloud for improved scalability, cost efficiency, and collaboration,",https://www.openpr.com/news/3639319/15-92-cagr-predicted-for-cloud-data-security-tool-market
2024-08-29,cybersecurity critical infrastructure,WiseGuy Analysis: Cloud Based Phishing Protection Market to Reach USD 248.49 Billion Milestone by 2032,"✿➤ Cloud-Based Phishing Protection Market: A Comprehensive OverviewThe cloud-based phishing protection market has rapidly emerged as a critical segment within the broader cybersecurity industry, responding to the growing sophistication and frequency of phishing attacks. Phishing, a cyber-attack where malicious actors",https://www.openpr.com/news/3639306/wiseguy-analysis-cloud-based-phishing-protection-market
2024-08-29,cybersecurity critical infrastructure,Keeper Security Shares Essential Cybersecurity Practices for National Preparedness Month,"A significant portion of data breaches could be prevented with stronger password management and multi-factor authentication CHICAGO, Aug. 29, 2024 /PRNewswire/ -- For National Preparedness Month in September, Keeper Security, a leading provider of zero-trust and zero-knowledge...",https://www.prnewswire.com/news-releases/keeper-security-shares-essential-cybersecurity-practices-for-national-preparedness-month-302233537.html
2024-08-29,cybersecurity critical infrastructure,Stolen Identities—Ransomware's Secret Weapon,"Organizations must commit to discussing, identifying and addressing the gaps in their identity infrastructure if they want ransomware attacks to be a thing of the past.",https://www.forbes.com/councils/forbestechcouncil/2024/08/29/stolen-identities-ransomwares-secret-weapon/
2024-08-29,cybersecurity critical infrastructure,Cyber Security Products Market to Surge from USD 251.1 Billion in 2024 to USD 622.1 Billion by 2032 with a CAGR of 12.01%,"➤ The Cyber Security Products MarketThe Cyber Security Products Market is projected to expand from USD 251.1 billion in 2024 to USD 622.1 billion by 2032, with an anticipated CAGR of approximately 12.01% during the forecast period 2024 - 2032.The",https://www.openpr.com/news/3639172/cyber-security-products-market-to-surge-from-usd-251-1-billion
2024-08-29,cybersecurity critical infrastructure,Enterprise Cybersecurity Market to Double by 2032: Industry Growth Driven by Rising Cyber Threats,"➤ Enterprise Cybersecurity Solutions Market: A Comprehensive OverviewThe Enterprise Cybersecurity Solutions market is projected to grow from USD 204.01 billion in 2024 to USD 464.2 billion by 2032, with an estimated CAGR of 10.83% during the forecast period (2024 -",https://www.openpr.com/news/3639147/enterprise-cybersecurity-market-to-double-by-2032-industry
2024-08-29,cybersecurity critical infrastructure,Industrial Cyber Security Platform Market Poised for Growth with 11.08% CAGR: Key Trends and Insights,"➤ Market Overview:The Industrial Cyber Security Platform Market is anticipated to expand from USD 3.84 billion in 2024 to USD 8.9 billion by 2032, representing a compound annual growth rate (CAGR) of approximately 11.08% throughout the forecast period from 2024",https://www.openpr.com/news/3639106/industrial-cyber-security-platform-market-poised-for-growth
2024-08-29,cybersecurity critical infrastructure,Accelerated Growth in Industrial Cyber Range Market: Projected CAGR of 22.62% Through 2032,"➤ Industrial Cyber Range Market OverviewThe Industrial Cyber Range Market is projected to expand from USD 1.66 billion in 2024 to USD 8.5 billion by 2032, reflecting a compound annual growth rate (CAGR) of approximately 22.62% throughout the forecast period",https://www.openpr.com/news/3639074/accelerated-growth-in-industrial-cyber-range-market-projected
2024-08-29,cybersecurity critical infrastructure,Upcoming Cybersecurity Events in 2024,,https://www.analyticsinsight.net/cybersecurity/upcoming-cybersecurity-events-in-2024
2024-08-29,rfid,Grab up to 66% off on electric cycles: Top 10 models for effortless commuting and adventure,"Check out our top picks for electric cycles currently on sale at Amazon. Enjoy substantial discounts on a range of models, from sleek urban commuters to rugged off-road bikes. With these unbeatable deals, you can find the perfect e-bike for both effortless commuting and exciting adventures.",https://www.livemint.com/technology/gadgets/grab-up-to-66-off-on-electric-cycles-top-10-models-for-effortless-commuting-and-adventure-11724924885775.html
2024-08-29,rfid,Entertainment Insurance Market Share & Market Analysis - Growth Trends & Forecasts for period from (2024 - 2031),"Market Overview and Report CoverageEntertainment insurance is a specialized form of coverage designed to protect various aspects of the entertainment industry, including film, television, music, theater, and live events. It encompasses a wide range of risks, such as production delays,",https://www.openpr.com/news/3638452/entertainment-insurance-market-share-market-analysis-growth
2024-08-29,rfid,"Radio Frequency Identification (RFID) Market Booming Worldwide With Leading Key Players - Impinj, Inc, Identiv, Inc, Nedap N.V., Honeywell International Inc, Zebra Technologies Corp, NXP Semiconductors.","Radio Frequency Identification (RFID) Industry Analysis, according DataM Intelligence. Although data provides an overview, the research explores the hidden aspects of the sector, breaking down its intricate dynamics, charting regional dominance, spotting demand patterns, and spotting prospective breakthroughs that could",https://www.openpr.com/news/3637916/radio-frequency-identification-rfid-market-booming
2024-08-29,rfid,10 Best Futuristic Tech Trends Revolutionizing the Industry and Shaping Our Future,"10 Best Futuristic Tech Trends Revolutionizing the Industry and Shaping Our FutureThis year has been pretty interesting, in the sense that we have come across a whole bunch of innovative and jaw-dropping tech designs. Things have...",https://www.yankodesign.com/2024/08/28/10-best-futuristic-tech-trends-revolutionizing-the-industry-and-shaping-our-future/
2024-08-29,rfid,Unprecedented Growth Expected for IoT RFID Systems Market: USD 126.4 Billion by 2032 with 23.08% CAGR,➤ Market OverviewThe IoT RFID Systems Market is projected to expand from USD 24.01 billion in 2024 to USD 126.4 billion by 2032. This growth represents a compound annual growth rate (CAGR) of approximately 23.08% over the forecast period from,https://www.openpr.com/news/3637600/unprecedented-growth-expected-for-iot-rfid-systems-market-usd
2024-08-29,rfid,"Real Time Location System (RTLS) Industry to Witness Massive Growth (2024-2031) | Impinj, Teletracking Technologies, Ubisense Group, Zebra Technologies.","Real Time Location System (RTLS) Industry Analysis, according DataM Intelligence. Although data provides an overview, the research explores the hidden aspects of the sector, breaking down its intricate dynamics, charting regional dominance, spotting demand patterns, and spotting prospective breakthroughs that",https://www.openpr.com/news/3637501/real-time-location-system-rtls-industry-to-witness-massive
2024-08-29,rfid,"Stolen Vehicle Recovery Systems Market Growth, Segmentation, and Forecast Analysis for the period from 2024 to 2031","Stolen Vehicle Recovery Systems Market Snapshot: Insight into Market Trends and MovementsStolen Vehicle Recovery Systems are technologies designed to locate and recover vehicles after theft, enhancing security for owners. The market for these systems is experiencing notable growth, driven by",https://www.openpr.com/news/3637497/stolen-vehicle-recovery-systems-market-growth-segmentation
2024-08-29,rfid,"Food Traceability Market Report Analysis, Research Studies | Cognex Corporation, Honeywell International Inc, Motorola Solutions, Inc","Food Traceability Industry Analysis, according DataM Intelligence. Although data provides an overview, the research explores the hidden aspects of the sector, breaking down its intricate dynamics, charting regional dominance, spotting demand patterns, and spotting prospective breakthroughs that could influence how",https://www.openpr.com/news/3637042/food-traceability-market-report-analysis-research-studies
2024-08-29,rfid,Retail Automation Market Anticipates Exponential Growth to USD 53.01 Billion By 2032,"The global retail automation market was valued at USD 24.13 billion in 2023. Looking forward, the market is projected to grow to USD 53.01 billion by 2032, exhibiting a compound annual growth rate (CAGR) of 9.2% over the forecast period",https://www.openpr.com/news/3636974/retail-automation-market-anticipates-exponential-growth-to-usd
2024-08-29,rfid,"Leave and Attendance Management Software in Education Industry is Expected to Reach Rapid Growth by 2031 - Frontline Technologies Group LLC, Creatrix Campus, Calamari SP, Cybrosys Technologies Pvt. Ltd.","Leave and Attendance Management Software in Education Industry Analysis, according DataM Intelligence. Although data provides an overview, the research explores the hidden aspects of the sector, breaking down its intricate dynamics, charting regional dominance, spotting demand patterns, and spotting prospective",https://www.openpr.com/news/3636966/leave-and-attendance-management-software-in-education-industry
